MrTizel,pavel_Nikolay,Beiye0,fmitgurtaeLikjy
PoloLaskala,SoODiAC,NATO_USEX,pipilei
Pahey,dage-bie-sha_wo,5eWuW_,AstrakhaniRybka
MP_Kamrad,Ne_Dsystyrt,dwadasdadaw,Alpha-pioneer
Milkass,Chooo,_BAY,lll_lll_lllllll
Blurry4ace,COPR_Kremal,xiaodu22,BroberFor
VashaNatasha,shuaigeMiiao,Bilibili-ww,MosinMainerTTV
Esdeath357_TTV,Yuzu_bear,BiLlXiaoBin,escapefromjb
DIMMMIG_YT_TTV,Jedi4eg,Deram3,TheForever
Sweet_skull,xX_Maloy_Xx,LinFairy-,CN-LIEBEGUOZI
StygmarFR,COFFEE-TAO-HUA,LuPinJvBao_Etha,Arazlo
Kirill_ne_kuril,Filinn,DepreSSSedk1d,___---_______--
Only_f_you_bi4,syzc-,SllppinTimmyQvQ,Itskal1
Larein,Tao-Bing,LINGGEGE666,CBUHOKPblC
nemesissw,EvilWashu,purple-c1,DY-shuiyue1
_ufoBecakreca__,IHATETTV,godblessJM,HE-CTPAX0BAH-
Nine3One,shinss,BUG_FRANKLIN,BFHGI-BFHGI
ScornItsMe,2eWuW_,xu_cc,Ochko_Tagily
Lerrrkk,OldHead_,Brabusx,Dushnila_TTV
Diz21,Hurric4n3Tv,MiddleEastMonke,kaopp
Desua,Atomic_Charlote,DY--xilonglong,Stas776
ShiinaYuika_TTV,CHINAXIONGLONG5,Spiderdetective,92_
EvGuDr,VosSmokin,BlowMyWilly,Be_disneed
Gorgorroth,HXS-11,Saas_12,AWM-0601
Nikiero,Acfun--153,MENGXIN-CAIJI,yangqiezi
Otkroiy_Dver,_Baltika9_,huya-qingshan06,DaGeBieKaiQQ
GRIMMJ0,Daloshka_VK,CWDEAD_TTV,KZ_YJ
BaRoN__,Jennnys,flycca,syx-9
JUST_Malonin,henschke,WinterYouKnow,_G0at
Duskreedius,KATOU_JUN1,dayuanzhongya,WUWU7
TobyChalres,qbluerey,purple-boos-08,T1_matura
KOR_Euclid,EightMarleno,QKL2004,yinhe556
qLik0zz,zhujiu,Gilen-TTV,FirstTimehere2
Dsystyrt,lFei,Morosko,nijitanishabi
barzah,Genkai_,yangmaogeg,ruble10M9dollar
F-5_TTV,Rhodochrosite,A-Lang-,wosshihaoren
Kaya,AruisCC,YuQi-666,kirenwon221
Ev1lBot,RussianApple,Jlu4iHa_Borrow,AbernethyII
Q--Sakura--Q,AraChoNnU,TarkovStarLord,jiaozi_-_
MachoBear,ABS-sunhonglei,huya-qingshan01,KOHOKPAJL
JohnKrAzY,Y-1130,KeFu-004,too-003
ishtyna,Styggydou,xiaoxingxing3,XXTV-10
MrSpais_TrovoTV,killer674,huskar2003,douying-mmmm
shou-fei-pin,TiHiT,taffymmmmm,purple-yanyan00
Jack-1912,YeLv_qing,3NGG-5,maomao00
Ed14th,Salazar96,ANSINA,JahpueIIIII
DC_LaoWang,hafourking,kippe-xh,
UlanZalata,omaiwa,Da_ne_,
xiaowei998,ats-005,TOMAC_,
DeadJohnWick,J-relaxed,zhiheng03,
yangge001,Ty-WuyanZu,Jimmi995,
rushBnow,StygmarYT,Acrylicc,
xjzw001,Styggyy,AAASiFan,
xiaoyuge,tangyuaner,Soskanerealka22,
P3-Q7,TTV_MIYAKAWAJP,selly-98k,
STARTS_Pr0,Vero_TT,M62-T,
KFC_V_Wo_50,-EGO-AQ86,Yycn,
Makabaka_Dy,MsZdyx,huya-qingshan05,
Cn_YongYuanNo1,KushKz,henxin017,
shiyue1997i,Bigfishgogogo,3eWuW_,
Mr-C,Boorby,ghjkjlvnmb,
TG1213,IKUN0713,Zacsss,
E3win,_Stay_,baimiao6,
str4wberry,-bosscat,jobn,
Daniela,Your_SUPPlier,ZXC---TTV13,
Pyhgogogogogogo,xiagao_6666,kkz-ttv,
matonge_tv,Dron9,COLDFR4MEtwitch,
HuYa-XianYu_zzZ,Lokreyn,yiqiang7,
CNKIDD,betboom,purple-CooileWw,
Xepabora,SaveYourLife,Xuang_Li,
PRAKTOLOG_TTV,flopuy_TTV,purple-otto,
Wicked_Alien_YT,SorryMePlease,Xing-xuan,
QiMu-,Surprise---Baby,jots,
Phobye,tester_203,purpie-TOT,
Special_Tarkov,ShinzoAbee,Lav1ez,
Soha2020,LymlinaDeFalio,nicknameis1,
MoNzTeRSER_TTV,TaDzlk,Carl2001,
dadadadax,YouDearFather,6eWuW_,
DooM1841,XIAOYAO001,purple-D2,
powoqTM,YeQiu007,FallenLeaves11,
Sergionchik,--stay--,YAWEN,
Purple_Life,FrayZqq,NwelStoy,
StylishNoob86,AuraOnTop,maipeizhi_2023,
yoonsoo,CAINIAOBOSS,purple-K1,
HTD_RealRussian,Sweet-A_OXO,Exile1703,
JeonJungKook,Cestbon,Aayuziya,
ngls-pangzi,ASeiSei-xiaoyan,niva660,
TTV-Glorious,Haaapy999,DanilkaBigHer,
USECmytesticals,v1cto2y,Artisha_TTV_YT,
4ELOVEK_YAYCA,RtTrUbbEr,Bigccboss_twv,
UngodlyBawls,KF04,DDS-229,
SLAYER_POLT,--moyvbazhu--,OD-OUQI,
olimp_olympik,ZhiNianYS,purple-CoolieWw,
NTRhero,catmuncher,HUKOTUH_TTV,
downside32,Saint_Lucas,---ABCDE---,
MowTarkovYada,Isob,RUYYDS-SSS,
TerrorayzzerTTV,MrForbes,cccccc-w,
Yua_Sakuya,dksdwad,sr_-_-25,
55-QAQ-55,Dog-oyo,beibei321,
Swag-R1ch,SFS_studying,fmitgurtaeLikjy,
