_Ironlors_,AhChimneyChoooo,liLIyuanSHANGca,buyaoshangxin,Supervisor_Mark,xProvo,nya_drummer,Gnusny_Zhmyh,ArcaRatMan,XM8030,KAI_FPS,Nim_ChimpskyTTV,Sweeptheblack,warmheartdontKM,Crocodil_Forain,BestMeLIN,H-K-4-1-6,CD-RTX3070ti,YellowXGummy,bigbigzzc,VANDAR_PX,TYPE_MOON,laggzz,Fans1,ElraIns,cleaverbots,cameonurface---,LE-xiaoyan,susu229,Greedality,suo-wo-mei-ma,purple-cct,ZhuZhuxia_xxx,BigOlePipe,Jingwei-Arbiter,HaschiHaze
Krucall,MASMONE,jubaoniU,Peter-Ccc,Eathelyn,No_Pain_No_Gane,vitu_tyt,YanG715,PalmSpringsQUE,R2D2camper,TezzBad,Turdburgler3000,BallCrusher3000,huya-qingfengg,LYXD-KELE,Ai_B8B,Ayue993,I_Drop_Kits,slavdady,Ponybox,kulachnik,GOLOVA_HAHAHAHA,ZBLK,LOVEDMY,zxcursed69,Kent_TTV,biedawo_LE,Sreqq,bili-_Ba1ZhiZz3,sobakatvar,Likeabus,nemons,AxiYa,Carbohydrata,Leonard0721,Mlechicky
xiao-xing-xing,Astilleto,DarknessComess,ranmengoo,EXgodzlla,BoobsoverAss,GolovaCHLena,FX6,Lccket,Thommysea,cracheadkid,NMSLTTV,dizzyvanzz,LaoZ1Ze1ZhUN,Hao-ling12,tengyuantuohai,Niu_MalE,Ceto6106,Snyper1010,yourselves,QTTZ,NIKITOSio,DaKing24,JinG-JF,Kobiiii,hard803,abs--june,da-ge-bie-da-02,AIKEN-bilbilTV,SBNJTSB1,K1LLa_TTV,iDontStop4Copz,Yuuki__,TianBa_kings,An9L_Dancer,LordPanther90
xNoShadow,SkillWade,Nautilus1491,CCTVQQ,OGC_JAYHAND,RussiansRules,Jimmy_Pee,litow,Diabloon,BigBoba_TTV,quation,selectmelol,WD-DaNiuNiu,BerryzZ,QWER123Q,Dont_Cry_Bitc68,ih8blax,Snailtraill,4SKINFRENZY,RealIronMike249,LI-QUN-YAN,saentsstress,Juanjose_999,woshishabinizhi,B1x,Albrehet,CBEY_Maslo,TS_mcpapyrus,LEO43-,Dontfight-China,fengluo_A,Spar_,Puppet-Cat,Loowie,DoritoFinger,DemonEyes99
Mstrxploder,kele---0000,WoKaiLe,Peter-97D,JIAN-LA-JI123,ItsMrWick,CA_SABLANCA,Bounty_UA,MOSIN_MAN-_-UwU,Xi___jinping_,DeathTellz,NoStreets,Jimbrodoodles,TTYAB,Nine9Baby,ODSU,liberationman,DONTUSECHAIRRR,killeduhaha,walie,GGAME_Z,FROZNASPARTICAL,Aflyingpotato00,CallMeIdk,WiggleForDaddy,TTV_ACCIDENT,Anton_Poshlyi,sadjxzc,PanXiaOLe,MUYI999,JMHCZH,MADOU-CHENHAONa,WangDY_,AKA-SS,EL_XOKAS_TTV,JoeZinni
ks-wj,scavforliffe,Miku_Vertolet,7gygyug,ExceptionError,OTD,KakEbAHyZaTblok,Polosoloyolo,everythinginuse,csgo-0,MIDOU1134,Eshiii,LaoShaa,SUCI-TTV,Madnessss,mistakenn,JPAwA,WOPANA,coldhaha,ThatScavGoomba_,WendysBac0nator,HEADSETS,HeadEyesLoveMe,youEB,20bucks,chvk_bogdan,BadBoy0,hellxlonely,AwaLost,BoyoVaZhaba,AlohaCartel,AChenYu,Mcckiispte,PLA-dabizidezhu,g0atMadeMeESP,TheSadnesssss
khdwws,exorius,howareyouhi,Dzz1,Tkfljwang,ZryachiyTV,ExtT,YumikKesh,Ethan_Hogbin,SvetkaKonFetka7,dragonslayer134,wwgongzuoshi,soggy360,Jiuxi-ss,BAOBAOV,iPhone12_ProMax,6darwin6,I_Bred_DojaCat,shifu-_-,FELONEFT-,ChuckNorris69_,D0naldThump,404-ChouDiDi,ggbb123,HerpuJIa,Kringe_TTV,liuliudeweilai2,DYxiaozhu,PlutoWLRD,shizyz,TonyXie_11,clear19,BUYAODAWO-GeGe,asakiyou,Morster,TommyOP1
noobhelper,Celligheid-L,nn666,WoGiao,nanfeng-dh,fendix_ttv,tellmebtw,SteelRogue,CreamyBullXXX,MM_swtqk,Firework,WedTwuck,ek-,TFXXXGGG,KR1MMLR,nobanforme,beansenjoyer,TheRagingValk,LemmeGetUhhhhhh,CERBERS,EvaJin,SwarmMl,Bigoletity,Ulkamulka,Ahappyangel,Killaggio_TTV,TTV-Chun,AKAbiedawo,Kittybyw,445dad,ligma_bowler,XIAO-2023,XHy-TTv,Tianba-18Cod,wula-yang,nolikepoeple
Vxilez,maomao0,SouthernIsland,NIKKI520,TRIPPING,zykaz,Powerpufs,xGWINx,JesusIsRizzen,Sniper_SCAV_,TaintTickler300,Newna_ya_TTV,SecondS,yichen-_----,SOMALIAN_PIRATE,ChuiChuiZhenCan,JJOONNYYYESPAPA,TDARCH3R,FoamyZoamy,JarlGunnar,GZHAZ,zey,LilGhxst,Solevoy_Mag,kirill_hokage,merhaba,Deatcher,isthattrue_cet,xxxx4ever,KKPI-KEDAYA,QIUSHUITTV,suyu_337,Apostate_174,qzhwdnmd,LDAYZ,TheWidower
DY--AOTEMAN,ZhaocAixiAoZhui,ks-daozaizai9,suowo999,killajiangvc,ItsInMyKappa,TheNewHunter,Conte777,1Destroy1,No13ody,jianlaji6,Crummy_Scav,Joe_McGrath,wanmingyue,Dareok,aiopr,Eat_your_Spratz,CaptianInsano,GHS-lilililili,AAABEETEE,NEDROLOG,eddyj01,Missthelegends,RoTToR,scrimeyew,GolovaGlaza3000,ButterMunch,Disrespect_TV,sniperswhturman,Journey-TTV,NuKa__,Uglyjack45,ExoticKicks,bradleyviper,InternetThug123,TheGreenGoblul
ETv_GEge,Tustooy-TTV,Ha0K1Ng,SSBNTJ,Afds,Thrussythrasher,Snikers17,beernacle,PlayerPanda8,OperationJP,landmarketero,franktheman,RagingInfernal,HuYa-CCccCC,KAmArmour,DouYin-Nusa,Foxbutnottaken,JP_NUMBER1,Mengz5,Duckkling,Boris_Britva_Ru,ThummMyArsehole,SoupitySoupity,NRG_Frosty,GammaContainer,bobicon228,TKF_9900,yaqiai,SsSnewcomers019,AKA-huakucha,Chane-HY,Dro4ilys,ForGet-GG,Mr-Durian,emerchill,Wazoisslow
GGB_DYX,mastercrumble,Mutchaco,dh-WGKillar,qQ-Qp,TarkovGamer123,excalliboor,LonelySamantha,lukiii23,unarmedarab,Cascadia895,eatmyash223,Zippy225,VICEBOY,Daheihaozi-HZTV,njtgbfwh,IWNL_SNIPER,Rwzio,saint443,IWNL_SHOOTER,FutureeHndrxx,Gryler,HAJFA,CleanShart,ink_ognito,ImFrendly,KSA-CJR,HY-xiaozhang-G,yegou-fufeng,Kopatich777rus,Beta_mapapyrus,Dinner_LT,ESCAPE-FROM-Gm,MoRYPPxa,geibabaguixia11,Twenny131
crayzae,ahhshootabee,del-214,ZuoooopTTV,BOOKLKES,Zaachy,Weez,Absurd_W,SlickItUpUrArse,Tarkov_grub,Catboy3,Tacko_RO,SenouBeee,TT-190,Sweet_Bubaleh,DonGunner119,berezkab,SereinJJ,FM-MINGLUO,amgood,3body,Ogi06,ShockingReflex,HawkeyeA,Frostttt,LevaRUS,Harry_JonThomas,DADIAOYA,niuniuxingqiu,Blyat_229,Abuhamimtahir,FlightorFlight,rufeng00,Leslarmes_TTV,TarkovMan-,Robb330
ETv_LaoYe,ifyoukillyoufat,fengtingzhule,OXO-yongheng2,XO_Simple,Gravesz,Grom92,Crazy_T0ster,CHO-CHO,PapaBrum,HitMe1MoreTime,ShibePapa,SweatyManBoobs,BILIBILIikun,S-0-A-P,chancey-,scorpion4in,BIESHAWA,PortoGotTheRock,strike17,DY-WJ,kokb,outlawA,OooIbetYoureMad,StepTreyWYD,lilbabyflow,4ecHo4ek,Daniila_Pdadada,REldp,aixjhao,Douyin_TTger,Donkey_Kong138,WDShu,CLOMETS,TEPOPUCT,UrBadKidCry
Fl0r3nce,pAxwell-,isamabinlagin,zateexia0123,Matcha_sundae,BLACK___W0LF,Dr_Acu1a,DarkSheggi,Punisher93,dem4sta,kanniMMP,Rechallenge_TTV,Dontlikechads,MiManchi4,k182,purple--solottv,WasntMeISwear,Agafii_Pashtet,IMEVERYWHERE,RarhMT,hanhanlanpangzi,TarkovGauner,PVPIsnt4U,VazzyTTV,Try-loving-me,Aigiry,YeahShawfly,REO_Light,M0nesyy,KKASDF,miss0206,MonkeGamer,yasaka1104,lmlTYLERlml_TTV,Giggok,Devon6
Ghost_youmeng,S-300,KOOK--YUJING,Dh-tudouo,ABS-MILO,_amouranth_TTV,SUGAR58,Bayonetandrose,CAMP_Deathwish,MaxInertia,Wotiehuai,wy0208,SirMadX,Annek1,rPsicolCuL8RSD,yibai-007,Omgitzobey,IronFietti,EgyTapHitDumpli,GodlyEnergy,Bob_M44,suiziide,welshyone,CN_ZS,JayD808,Mr_7777,R123,Dopinder,leyou_gumo06,_DalDalNasral,MAYDB8,purple-D1,141_OODst0k,FighterSteve,BiliTv_Shutiao,AntiAlle
Ienjoybud,futu_TTV,Hui_deda777,wl9f,excw-ikun,TTVWaitImHcking,tylerqq,Alexasd,JmNick_ttv,alcaisback,TiSkepticTTV,Layne-SYT,ABS-SB,wosibijubao,JUDONG888,JahpueI,S1mpIe,XxX_Manilo_xXx,Djordy,snorlax2014,xiaomajiadao,Falkh,swwayyde,supertrahatel98,TTV_Coco,WednesdayShelby,seven1i,AN-1ne-6ix,TXDot,HardcoreHumas,r3tro_L,luludao,Jinx312,BackLobby4U,Father_Tres,uwuwuwuwuwuwu
IhavebigABS,Kekareka,RUN233,byd-8805,aaaaOvO,TogarashiBRSP,uxxt,Sergej,Cheresha,AK_kN,Pvtforayear,CharlieKellyl,TheRizzler123,AJonyniki6,Dukabayuka,lan---jing,kekkersw4,KazuyaMish,Blytz_FR,The3rdParty,customsmain69,Rein_Hart,VinTrap,WaterOni,iKILLEDyA,popadopylys,Pawi190,BombaOlum,Vaktus,MoinSunnyTV,ChenDaoZai229,lesen0920,call_911,dy-yanzi,mengqiannian,ImNotHazy
blacklifesmatte,LongCraft,MM666,SVSsoomSVS,woCNM-TTV,ZombieBrigadeTV,KARTON1417,ELJ0KER,andrOmixTTV,DOKUPE_CHUDOKU,SleezyQlfEzYou,intellisense,TTV-Chodyskat69,Dont_Cry_Bitc60,Rogue_YogurtTTV,CallMePopiPls,DY-BingChilling,Nana7mi_bili,xanni1337,SmokinAllDeadz,AKA_TAKESHI,DaimaoKing,John_Wayne,FeAr42o,ShiverMeTimbrss,t1kud4n,codein,suburban_,Wh1t3zZ-Top1,kailing,guagebiedawoaa9,ilbestemmiatore,TwCxUU030,SIX_OLD,BBGURA,IlikeKissingDud
maimai667,58X3D,AGG--18God,CDMMAX,Green_gameplay,JiinMorii,SanctumExilium,XiaMao_TTV,tarzanell0,Slender3,HaHa4Hao,DonaldClinton,iamkico,TekiwaikumanTTV,WhereAreMYLUNGS,Aby77,CsmithBB,forpleuvoir_Ytb,Euronics1337,God_Ow,GIGAACHAD,JamalDrowns,PatriotDerf_TTV,ever4065,BirdeyeTTV,Pro100_4EPT_TTV,Xd-coffee,sdkla-6,gavs_TTV,MengZiHenGFang,PRlZRAK,LUKASHENKO_AZOF,Revyaka,Radmir95,Kawasaki-KX-250,kiffi-_-
Ahappyfriend,TVOU_XPEH_3ACOX,Violences,Haft-usc,Onii-chans,Damballa,ItalianBOY,Gars228,Varhore,keikeik,USDeptOfDefense,QuestnDontshoot,PSYMAN-93,BINGGUNER,Picinini,divine_cheeks,TheCircus,YURI-FPS,ReservePVPER,ILUVYUNGBISHES,Litfttttttt,IMissMyLoot,usmelllikeruble,just_cut_that,blxkk,POP_KORN,bieshawo001,okjinwanjian,Michisuji,VseDlyaTeb9,YTAWSFA,DongBouncer,Muryoukur,AR-MAN-TTV,KKpi_Lucot,QuatratKopf
ProstoL,MuYi001,TES_Valoris,kill-the-king,91TV-LJ,TouchMyNoNoSpot,Caspersky007,EL_Macho_,H000III,FreeB0ssetty,SHoot-me-,PargeLenis_BBC,dekuz,1ne-6ix-TTV,Skydres,LY-886,RealIronMike250,GrabMyNut,LootGoblinTVV,TROMBEANER,91_HongKongDoll,Daddy_Jake,Conman1019,Bread_Mini,urjustbad101,unlucky_34,returndatou,goumingnalai,ConoYes,Berkeley,JJJG,Bacb,NicostaTV,KlapYourKufi,SalewaGomez21,Doink-_-
buinessimpire,HUYA-WJ,XM-BB,REBULLET,WIC-LBW,DormsPVPER,LLegendrLI_UA,EeeIZI,dorremy,Ibolduknow,Blancodiabloo,Gragle,FlashbangFreddi,BAGA133,SuperKall,YuAin,jiaVTkvfuzhu666,420Psyko,Rusoxooor,BalsaGang,Legacy212,Blissfulx,_KennyTheTiger_,Sp_ceRxTTV,Reign300mg,TheFlackJK_YT,da-ge-bie-da-01,Mimanchi2,bu1da1ren1,GERDANY,WoShiMengXin44,SPEClAL,Anubis-piaolaos,CHina1,Jiau999,OgManRay
SisyMeth,SandroStecchini,jmp-ret,bili-ladeng,lijunjie,TTVCurbStomper,romak-Z,4POK_PYPOK,-BobaFett,papazoli,BicBac,firstloveyou,IamSpeed,Savtaer,LightningMQ,diuqiangbusha-,dy-laoqi-ttv,EhhhGabbagool,Snitat,GOHOMEJOE,LampMenace,howyouprice,7dabsdeep,DL_YanZhang,queefings,Neiton25,XYH-BingGunEr,luren003,DOROGOI_DNEVNIK,sakura9577,nuhstaaljuh,lybdanengqiang,DY_TouTTV,Verfolger,LABS_SwOrD_LoRd,RadishRush
nicetomeetyouu,HE_CMEU,Hae6ykoBu4,WaYiXia,2436WW,KappaLastWipe,kama98,D0000OOOOOM,FarangSlavon,wtf_paster,Easy_shoot,Jhon-Pas-Wick,YuriAniki,TATA-0801,Kezy,chapizza,D_Daemon,EreckDotEXE,KACHENGPPT,1ne6ix-TTV,I_Report_ToDevs,SalamanderSlatt,Puppyyyy,---cccp---,StepBro_BigPipe,Neonavt,Zhua2023,xixi995,takonn,killCNDOG,Snakeeyes-TTV,Eliza_,Shlaaag,PooEye,Abuhamimhussein,hiroshimallll
Homestead,jEEPORGTFO,O4KO_PA3PA6A,FM____zou,SDASDASFFS,SpareMeLegitNow,yqmada,Lelka_Ponosova,D1M1TR1Y,ebalkopal,DDK911,heixi,PisouNaMoita,wowo22,AJ_OT,Test-Coffee,KappaRun,Denis86,Roomer,RasheeMardin,xL_SharKz,Uncletucky,Darconi,TuFeiLaoLiu,WheresTrident,Aar0n12,HY-xiaozhang-gg,EVRoste,MD_qbz,WHO-YYDS,wanfengyunsan,BC-JohnWick,SJ13-TGLabs,Morfia,HAN6666,LabRatt
WickedBacon,YOURLEGS,Xochy_ezha,for_test_NJTmom,Ac110,_-Boogeyman-_,bossgangserbia,hulich,Swatovsky,GoidaSlayer,TheAltar,caixiong,TX-15_Only_TTV,Flykes,smollasianbenis,Imcoolerthenu,thewigglebot,dOoING,Oldsixhahaha,TRYMAKAPPA,StoneWindsor,FatherDead,WWSDSAFAF,IanKar,Myraiel,HARUNOV,50_Dro,mopain,Aing,Evgen91,FGG1413,MrBanana21,mohkwir,msksk96,_-IC-_-KING-_,AbsenseG
IMissMyStash,Rafemo,ETv3008,iwantdotese,Ezczz,YukiShiro666,Ta1fu,SBEU_POTZttv,NNNegan,TheWiggled,yyazii,7704,GirlGamer13,Sweet-H,5StarTTV,KaFei02,Helios_GOS,JusticeJohnso,WIzqueefa69,BrickS03,XxxAwA,SUSSY_BUSSY69,ILOVEAPPLE,DaddyReuben,Thickness_TTV,CommunistJoe,realhoe,salaka,LE_D3veloper001,AhrapHOB,Jaweler2266,MMlin,RIBENSHAB,dimaskaskader,OnlyLyrics_TTV,Deftcafe420
Stare005,DeMoistCr1tical,TOKAPb_3AB0DA,RLanF,Xiao-h,Ey-,Reestr,Robert_Paulson_,BammBook,PashaShuffle,DDW659,YiBeiXWC,KafaS,leona2024,MendyRD,ShADoWiN_02_TTV,Taobaibai-TTV,purple-CoolieQq,TTV_0825,HoagieBoi,antil,Wild1,TohaPingvin,ScavDestroyers,Thermal-2-OP,Slivsanck322,irideitforwards,768Max,broad-6,missBl,LILIESS,OTC_MoraxTV,67Nmlo,Rat_aTTack_666,Theo_dedTTV,FactoryChadEZ
Xuren,Disc__Fork-9085,lactel,CaiCai_007,ChunOAO,ColonelCuster,Kent_Kenta48,Hasangar,AbsolutVodkaRu,masmwow,wIlLeR-Z,Bluwuberry,tezz_,QVQVQ,SlaughterOrDie,-DontKillMe-,Reziliance,GodsHitMan,RewindUK,Sillybeast,Mr_zhou1995,IamBetterLol,MuffinMan6969,LSP1122,CrxnK,Saykoway_GACHI,Poria_Cocos,JK-daidaimao2,LvWanBieDa,guangdashishabi,CmonBoy,BLDX_Sunny,MikeErhmantrout,PnoidSchizo,wobushiwuhao,00Hyper00
GUGU8006,Xantynho,EBAKA_ZAEBAKA,DH-T,RverGM,HalalDog,atos1,Just-Eat,13HELL,BigWavey,WAW-,Ganjadorf,JellonKenn,TMDBN69,Er_Du_Boegs,95_No1,hhhhhhhhhhht,ChadlyMcTh1ccms,Jackog,MilkyBongLoadz,HittasInParis,DonShexxu,wkeygamerr,MrParthh-TTV,tardttv,olvin,CristianDeLima,ccacca,Lure_lady,DY_XIAOXIAOYU,1-800-DEAD-ASF,CeBambouLa,Tomania,TarkovskiuGhoul,Mccaffrey,KomaTwc
CCOO-121,Bodezera-,MR_SkinyPines,cattle-shini,doyin-guitar,Blackdew,Rusik8768,XActiveShooterX,Berluskoni,Baron_58,MuYi666,AD-kiii,DonaldShlump,Augensternl,F1shyyyy,youshangGGG,InSpainWithNoA,xcursionn,TERRAGROUPP,HERNESTO09,WimGONEmark,MacaronOxO,SirDragovich,ChiefKeif,MLKneededALYTN,Ko_OFe,SXBK006,Goubing12,NINGMENG999,krooky_scav,huya----xiaerba,GG_HEIGUI_LALA,Twichbullt,Brand_New,Lt__Ghost,CogsJT
iFTYSmianmianYa,SilverGods,Zer0ToZer0,GANG-GOD,LYL1217,Dasky,Appolon,noggano,NABAT_TTV,kaqwlli,King-cmb,w1stt,HERBIE-HIND,MR-jiunian,usperfite,HH-HUA,FHC_95,WhiteboyTanner,Arui-CTV,rolexschneider,Softsisterr,Factory_Man,Hrothgar1998,OhOverdqsed,Nut-sackified15,Remixes,DelinquentBills,daoguanxiaozi,LiumoucA,DY-WuTong,POPSIRRRRR,SDASDD,meshigod,sprint3r,CS-DENGAI,Strives
JUBAO01,MasterDubzyy,SuperTacks_TTV,Nik0_TTV,DVDNB,TrippyBbPieTTV,whytryxd,Hell-Fingering,joeysandwich,Shio0oN,Acheng--07,Livingtrill,yeqian,ShenYaoYao,DoodleBob42,TTan,bili-ztttttt,Annaleecake,DrDlsrespect,CampingBushPunk,wasoncocodrilo,Gromsk0,EqDs,KrzychuBaza_TTV,JimothyJohnson_,JBearthebear,DrOetker0,W2KeY1,Vicky-TTV,dyuuk,JMTBBaguri,guabisinm,DEADPOOL_oo_2,EGCS-s,TristanasFeet,Asins
laiwan,R1zzardof0z,HoMe-GEGE,THE-LAST-TIME,Nighthawk-TTV,WIPEMEHARDER_,Maxonchiks,RatWolf57,Granit1684,4BK_Redan_Tape,bot2,Oh-no_StepScav,ChouWowy,meng6521,BeardedBrush,Threeeeex-,Snow_Clyde,TheActualNinja,HeadEyesOfCours,closet-soviet,PROKTONIS,TaintWhisperer,retrogression,MalfunctionMan,blackie_69,GolovaGlaza5000,Yishen666,Pantam-Q,SuperFlux,jk-daidaimao,Dy-TTV-susu,Ayiyi---007,SHIPINJUBAOWAIG,Rossfrau,612_JinZi,Darkox
MyScavRepIsNeg,BlowcaineBonnie,Mikeich,lupingjubao159,Sanierth,dopiummmm,GROM_KomatozZz,USSR_UlTra,Accent_turbo,TTV4,ChalupaBATxMAN,SirTwix,TearDaBlockUp,DarkHuImp,ifyou,YeetusDeletusss,Ld1s_Twich_TV,Criipd,StixTTV,Bearq,Shi--TU,ahungrybear,Turboxans,CoRe_B_NuTn_N_U,-A_A-,mimumit,ILoveMyStash,SC4r-Zzz,DemonKingDai,Men_Ke,Chadaronis,MrzuWoW,KagisZegz69,pikaqiu-CCTV,HelenKellerrTTV,Nayati
Gloccoma,MrweenySr,EddyStoelvrie,dh-123,GC5242,Mencho_CJNG_ttv,Crokeer,SKVIRTMAN,uSECmychopp4,d3sssync,_CG_,NOTDuckyBoyFren,MrSubaru,CHENSEN,Rainerwinkler79,CRAWDUDE,Iamgoingdie,MTTVV,tizperc,DefNotWolf,A119,DrakeInWar,Feik1,KengbTV,SnortinAnthrax,Ihihahyi,Ro_Kill_GG,Salavina12,yixiubigboss,dagebiekaiqinag,nanshifu3,MilzyMillsTTV,EscapeALL,chinaking1,Piggy97,I_h8_blackPPL
Huy-FengqiTuT,HitelrsCyanide,stepsha,DY-ZhuZhuQi,A--fei,RMTisNaughty,Rvoon,NuclearSmile,StarGal,odaxam,DBIQ-sk,Kollaskic,DoDaThugShaker,Jiao-Wo-Ye-Ye,Doublado,DouYu-LuBenWei,MLGB05,JGSWHDE,Undeadmsk,ExoticBaked,ThatmyFaVorIte,_ChrisP_Bacon_,Tuskan,Redux-Lon,It-was-desync,Killaggio,neekeds,kanwojiu-GAGA,panacke,Gaoqiqiang007,NJTgouB,HodsyIsMommy,Cardinal_TTV,Tudoudily,MilkSpilled,falloutfreak10
Homi,TaoLiTaiKeFu,Cheezy_ex4,languo,SKYyLL160,BillyTheyCallMe,CannonFodder101,KOJI_Palach,AdamRekea,Amakisha,Lejloveswatts,HeroUWU,DalbertG,Wannngggggg,beiguolai,T_Weezy97,MercilessGod,Beastiality-OF,MaxLTvT,SherlockHolmes5,TimmyWithAnAxe,JustaScavMan,TTVWitches,Sakuzo_Yuko,OnlyFansFree,IM_NOOBIK,Sao-xze,RTX-690-Ti,Koo_iiiLG,Mr_JiuNian,Mr-Bearded,Killa-s,Heiposr,pipkapopkapiska,FryFryFry,Bimyou
zzzzzzzzzd,LVNDMVRK1_TTV,GonadLover87,kkyiss,DH-baiyuancunze,TTVP0L0fps,Kdiz,B0P_B_3AK0HE,PhenomenonX,SpitOnItNino,michaelthegod,MonoLeith,chiknlovesme,ABS-xd-TTV,tanqboi,nizouka,404_GGod,wzsy,Bellzian,SupremeCuck,buzzable,DarthNader25,RAGNAR_LOTBROK,chickenbangying,Meekz93,Funktacular,la_debile,FM-mingluoyyds,OnRyU-,malahuoguo01,xyz-570,Coprodemon,GetMopped2x,StinkiEXE,ZVZVZVZVZVZVZV,thanksforloottt
waltuhwite,KosherBread,denji0987,MaLaMaoDan-TKF,_CHE_,idkwhyimplaying,ANGRY_FISHERMAN,Gogel,Huysobachiy,semensampler7,Lilsian,CaidenBeby,L0LL0TEK,ECZZZA,Primaco,sleepu,yibai-006,ruthlessman,ParmesasCheese,BrotherBape,ChadFromCustoms,-RatAttacka-,xiaomai888,BOBO0916,gginergginger,MCSG_Mazahist_,bilibili-y1kya,SunRainyy,JIUSHIBUDAJIA,BE-FEVERS,Da_Tapok,Wulingling,gooning,PerfectCouple,Q_Q-Kroxa-Q_Q,MasterMiyagi
wangqi7777,ESCO-BAR,HECLER,Hbangdi,DAGEYUAN,TheWiggleTTV,ratttaman,Stasikent,Crazubanana,pollen10k,Shaggyhalls,polakKing,DrGPoint,nuonuo36D,DY-QingSu,S3xy_Fire,EugeneEugene,5ewow,GeertWillders,Lamich,LiterallyNothin,texazboy1,IcecreamXXX,SpookyTaco0TTV,BlackHKCH,DungeonMaster48,lunan005,zzmmmw,shutiao12,zhiguorenwu,ning777,haRIZZlord,Harvinnn,COPR_KYPENUE,0ut0,domenhoes
X_EXTRA_X,killaandtagila,TimWinMan,ba-yue,suronxin,Gh0ststalker,PushkinAS,zFRG,Bab1djoN,DirektorRezerva,_-_St0neTekk_-_,IFistetyou,ne_huarte,love163,Mad187Max,BieFengwoHaoma,Tossthefish_ttv,Konor_2001,chinesebieshawo,jhitman,IceWallowCome42,Ghearufu,decadix69,TQ-Guowang,Wildman_12,Glebany,Yuzukitty-_-,YuukiAsunababy,JK-daidaimao1,YBMQ,LUCKY-ENDING,bruce1980,DouYin-DaXiang,buyanov_chmo,anlvxxx000,Lambert0
LEVONCHES,MMMMMMMMMMMMM-,Lickerouss,A-shturman,HunderDream,Stal,LovkiyBobr,CCO_Grom85,Cocadaa,Berkut_Wander,Wally-Enjoyer,It_Was_Me,Laap,KBD-EFT,WAYGAME,BAOLIWANGOU,NaNieNiXiXi,SilencedSoldier,Handsickle,Afghanny_Granny,VsemyLubim,Trillianoski,Kappa_TTV,CrispySanta,Dont_Cry_Bitc61,Balsa,q23_OMG,xGhxst_,LJL-cui,2pointturbo_,womengxin66,ready2hvhpunk,TTV-China2023,MNJ,Queen_alone,WildWalkerCat
91XIAOGE,Zlaya_boberka,songdababa,Day-7,Aacoeet,UrAWizrdHarry,kojitadokoro19,ZERETIXx,Flerety,-SweetMan-,Dragon115,WGAME,Snore_mimimimi,YeIsRight,WrizzLord,dont-kill-me-,AjoGoblin,RedHeadMale,Xx_Bloody_Scupe,Dzci,AteAcoupleChads,AngryD,_TicoMia_,IH3artSquirters,MasterR0shi619,thedabdadttv,xiaoqiang-4,QWFW,hearthurt,dyTV_xiali1080,Beardboost,vacfal,CiroOTopolin,DO-LLK,6PackMcNugget,Kickapooster
AnthonY666,9u-TheOne,N0D32,CHIWWKYYDS,CC----,TTV-PanZa_OG,letsibemi,DrHuddtag,AgrEnot,IvanPolkovnich,BebitoFiuFiuu,xiaoqi-6,BG_Claymore0098,caaalm,Alkadeas,Marine_JJM,Chris-66,Anotha,woyaofei,FlappyFrags,Stebbo,Patnais,flandrescarlet9,JahPodsTM,MyDadsYogurt,CrowbarMK2,lilil33,TKF-1011,NANSHENWEI,GanjaBek,ALJ--,TTV-XXXKaiKai,Elden-lord,NMBS-Killa,M-X-SS,XR_600
getratcraker,Loyren,urdadisonmern,purple-ccct,Peoutn,x_partizan_x,korobking,luckyflyttv,Barsik777,XturmX,officialmoonman,HS-xing,Jinping-Xi,PAODAOZAILXY,Masterklap,guabiedawoa,twogirl-onetap,RealIronMike244,blueberry8175,BubbleDarrel,SZ-LLM-TG,WonderWhoDied,GHS-lililili,MasturBekAKA228,GeBiLaoWang03,PinkJaguar,kneepolice,HANLUZHE4X4,starsaawf,Heather-e,ThunderStorm20,BitteLassMich,BBS-LMX,Spiritual_heart,AltF4PLs,T0nyTw0Inch
Raincherry,H-gege2023,kokoko_01,Lebron-TY,Wtfky,DangerLee_Moist,RUS_TONY,dieindab,Kapibaruss,Arkejan,gumo-sirr,TTV_LaShorty,HumpelKumpel090,Zz1tai213,Nuked__24__7,POLKOBODEC,G0atmoufTTV,SEX_HAVER1001,yoowooyang_TTV,Waldori,ThatYouOnWood,IsaneBrain,wochoubiekanwo,Project_Zap,FanEen_TTV,is-3,HUYA-tiangege,Emlian,-Han-Bing-,COFEI,XQRui8600,ESCFromXwX,BOSSone,wangyunda,GM-BOSS,CozyNights
bilibili-grjkd,Chngchngbngbng,NoOneMatter,Aminals,CUICAN-kking,EndrasHolyRelic,FAFA88,TTV24kMX,Alex_CHEH,vaiebe_TTV,Nougang,PlumbHub,GoodSanP,nickleconsumer,NIXKON,dabudaowo,Reevich_ttv,LegitHim,xasyn,udied_to_a_girl,Absolutexdanny,Arnii,B1gSheisty,Binkowski,SHark__Chili,Vlrious,kkpi-MangBao4,RUBBISH-010,FBl_wangbapi1,KILL-NJTfamily,SUCIYA,dawenxi-cc,ApostolProkopiy,Xxihan,CiaoRobArabi,WeCanBeFriends
404-liubo,gapppster,_o_Destiny_o_,-DH-YYDS__,Chineseplayer,PeeLooter,mehanik_vkng,NM_Dedu,-Kaliostro-,PayBackYuh,UmbrellaMan2213,MonkeeWithAK,Synix9999,purple-cat,almals666,xiang-fei-ge,MoisteMuff,Dei7y,JCBSHSPH,MrRatYoMom,JOKYE,GypsyShawno,Albert-Whiskey,xiaoJ8da,WHQL,senepland1411,imLI,wogele,TweeWahaBeat,bedolaga1337,Mayoon,_Callum_,Xrayhhhh,GotYaKit,Onceladdi,0per8torAsFawk
Brospeh,LX-td,sLavianin-YT,DogWithRose,141-Ccccc,MrCoco190,The_Bandura_TTV,GandalfsChien,MARABY,G0AT1F1,JohnWeenus,notqweqwe,catgobrr,404___KANNIMA,jannik_q,caibi-001,Oindayz,PestPacifier,Planterz,CocaColaPimpN,MondoGotDope,Akagi_,TFSM-CEO,NT_666,youzi0,LOVESDEATHZ,guanzi-666,USfaster,HyperDOGG,SiN_VeCtOr_ttv,-ambition-,TeeShirt,China-Jason,SoChlTaN,Mizu-,ratman3290
dongho,RaDog,Metla94,Yodie_Land,Fedyardo,Gustel_AUT,Sneg_LS,Mensa,BARDADY,EZGG,Zeca-Urubu,jordan01,GamerGhost,GINGERPOWER101,SuHe-HZ,RTX-4090X,jota09,Coffee-Nusa,XiaoPang2035,justwtr,umadbro_ttv,maxxfactah,7669,lilpringles,aimbone_hand,Doombear,XAH_TTV,purple-yanyan04,-TaoTao-,Psychodelick,NIUZHIZHUIDA,PafnutiyMogila,ssss-paopao,TheLewiiBatton,John_H_KING,LtFantistic
shejmyxd,KiSs20,GOD_COMEBACK,Niko357,ABS-HuoPao,iToxic,Capr1ce-,ReplaySystemPLZ,berkyt33obron,SaltyBonehead,HymanSlayer12,BC-cabbage,HomerSimson,AOAO111,He_6aHbTe,Blue--ttv,DropThouKit,OmiWan,NotYetDaddy,KnedlSepp,Belzebuth,Artxria1,TTVStomper,Xia_Mi,merhabaa,Live312,F6CKMYLIFE,lunan004,Capper_-,JustGrim,j1236,MAPCOXOD,DKYY,NJTfan,SG6,GETDACHEESE
Todd_999,FFTGCI,pWnTendo,knockbroker,ABS--ShanJi,Struggle-Cuddle,YYAAZZZbb,Rengawr_TV_,KillaXttv,xSinz,THESTINKYUN,G0ats-Promo-VID,Skipper66,LZK-MUMU,cainiao321,LOVE_Takov,LAN--JING,-TheNightmare-,kanbei_cqx,Zinnerman,Rottefaen,KILL1314,WOSIHAOR,DOROTHYPURKINS,SUSECcc,ajnsdf342sad1,_MengXinBieDaWo,Ning7666,dageibeibuda,EXUSIAIIS,TlanBa-19GoD,Techno_Kitchen,404-notfound,G0atDidThis,Nastyot,RizZzly_BEAR
u_mad_pu55_35,FrendlyDontKill,MisterBearr,Pica123,ldp-iddd,ZillKing,Ulirih,EFTUSER4565,HWS_Tundra,TTVSPITZDEE,Bearlylegall,Cannavazzo69,RennatAttack,V_O_L_B,dreyway,xazd,ly-86,muranran028,kiamg,ChadleyCoopertv,XQCJuicer,EX_six,hinataimunida,PedroWithEyes,ChrisToSmooth,BenTheBlaster33,ABS_Chihiro,Needkill,Vasiliy_TTV,rumiaa,AA9,Hayleycc,AUSSIEALLDIE,G-P-S,Chaps,GottiGotUrTags
mjcnejs,M2S_johnmagaoay,Xi_jin_ping__,Jin-Pen-Xi-Shou,Lolizuikeai,p4in0fH3ll,Bubble_Gub,SexyLecix3,_BynceHb_,999Aspect,Mxhx-x,MaukaTTV,Gatisfat,YAOYAOYAOYAO,GavensBull,chuck772,keyi-TTV,chenlunaaa,Juan_Bai,Mr_Penguin,Andrey22rusTTV,BiliTV_Key721,homicidalpanda,widepeepohapppy,Anna_Mariia,XCVERCV1123,GeBiLaoWang005,xiaorrr1111,SCS-JieJie,Taneater,bieshawo--ru,HiB7_-,farklavarklious,Twitch_JACK,Hongbai,MenInWhite
EduCashon,TRAKTIR229TURBO,Threex_TTV,klysk-ttv,ebwater,Femboi_Kisser,Nervnyi23,UgotKilla,Vodichka15,SeeUAtmenu,Akahiro4051,wanduzi,AZNT,KullyOoPapulky,0Mordekaiser0,Wisphyx,Lifestoshort,Juandemonium,MrFredRogers,Moonlight789,LANA_RHOADESS,MercyPlzImANoob,Hardcore_enjoyr,Ulcaster,Mfjjj,Gl0ryHole,WanOuJieJie_Tv,rilegoule-,Baimangjun,Smolk-MS,SwordFairy-TTV,Yolandaa,mxsRaVeN,DouYuTV-DaPao,IceSpice21,RitalinEnjoyer
Khai69,Rat-28,babi_Qle,chickenbrother,Armoured_Train,TaQuito16,_Jumb0,QuintijahBeans,poderjimoepiv0,DontLootMeplszs,Lone1yHeart1,MericahhTTV,343Wahynahuy,Cyouji,s-t-a-r-e,NTyyds-1,Wevaluecuriosit,Dont_Cry_Bitc62,FZY-6666,Mike-Coxwite,0p0,PLAY3R_SCAV,itisKAZAN,ListerineLarry,ST1NKY-P00P_2,ChrisBChickn,ChurkTTV,NIJITASIYEYE,Calbee-Jagabee,cteker12,antoez,MaxGTvT,ToNieDarek,hkGIAO,weihuang123,Goo_oSe
Yulave,Therma,PMCPREDATOR,Dundun-0805,0rangeWater,JustDoit1,Smertomysh,OpiumCeo,Dany_Rays,Shrimyyy,DAXIAN678,TTF_YurDead,Jon401,RengawrTTV,wiesel____,FearMySnip3rTTV,luckly,Dopedealer_TTV,SBzimiao,Dinker_,Fourmaster,Mystiqq,ZZQFF,Brederin1,VIVKACE,Lenqingg,07a,DouYin-TTV-susu,Xtannkk,NinoNovellino,SHEEP-TTV,JuiceWrldsPercs,OldGaGa,impactwave,NoPLSmyGear,FlopsiclesTTV
Obyy,QAQceasefire,DouYu-AaaKai,fei-mao-tui,eeikra,WWD-YUJIANGJUN,Rawenos,Veggie_TalesTTV,vito_sun,goats_on_grindr,xBartek33,AxioOmega,YakiroTTV,MortaleVdale,Dreamersingle,OakenMold2,amazoo,MouetteFurtive,AKAYZ,Warthorie,LilJimothy,OperatorAsFawk,MAI-TTV,NTR_XX,Wa_-Ge,froggy2trappy,NickeyouName,SloppyTopping,Adolphinhither,lohca,Selliatop,Juckly,ABS-violets,BigBaBaTaPeS,1JLNJ,QuantumNoodle
Gucci-JC,A-DouJiang,purple-yanyan05,CaT_Eterna,NOWIGGLEPLEASE,skyajl,Smurf__TTV,Bubba_2536,kosoi_jo,Jwl1,Racialsluruser2,CobbWRX,Work6,TTV_TRYHARDER,TattedPig,SunkistZero,getBetterx,Zultan,SimmyB,Freddi_I_Jason,zhongsenmingcai,FatCoC_TTV,Lidays,Sanitar-6-Tape,AlexWolf-Hi,Deka0322,SamuelGuest,vov4ikg_TTV,sgctovo,Atomic_zhou,ExfilCamper_UwU,BCUSA,-Summer-,dagebieda,--Mysterious--,dafoethomas
AdVenHost,Kakamanct5,THE-LAST-TIME--,wdnmdg,TheWiggleds,SpBuEssUy,morfius1,DaddyLiquid,Lazoreth,PatrickThanos,Ryfen,FacRat,SkipOnYT,Dr-LAOGAO,Deathcatch,OnlyRealBigFoot,cn_zzt,iEatTheHomeless,Faded_ThanA_Hoe,Darkhorse448,LatinaP00nSlayr,ShaKeez_,fcyf,NjggaDog66,ItsSmooth,RattedOnHAHA,polfsda,UncleCharles7,yiluxiangxi,shawomeijkk,406NotAcceptab1,PengJingdegou,Chill_Luna,DSB_Katana,Ghost_guigui,TheeKeez
BloodyMojo,2313,zuimengniubi,17Chennn,Woodsl0ver,BeiBei456,cursedov,_AP,-Esenin-,WixNers,999Shiz,timeaway,MightyCheeki,k183,xiaoheiren002,cheekdabreek69,KAFEI01,bussychug,FinallyWeEscape,USEC_Z_BOI,Polaris_L2023,Eodsodamexpensi,TianBa-369,UZBEK_BARAN1324,Sinnful,Shinjukuottv,RW-Lotus,AKMBT,rastr,__Goat__,yupthatsmee,FinDex,Kidalas,K-Hero-CN,CCTV-P,Gimme_Dah_Lewt
JUKEMAKSOT,KrazyDuck52,DH_LEE,hezhiyuan,CobraRatsYouV5,seez_NoTTV,Faunder88,napsack,Sh00tMeBaby,mvgb,Tinglko,Carmine-5,Dazd1312YT,JeKoa,Bayforn,PercSlingSlashr,RagingRaiderTV,Killa_onlyfanz,Zona_Tripzy,itsmedrano,Everyone_Wiggle,SpreadDemCheekz,MaviBereliJOH,Dreamerzada,xG0ku,CAONIMA66,DJThaaland,Start-again-,AF-668,tntn-857,141_Kaneku,cpdd-YQ,abababa,ne0n4ik,_xiao_huivin-1_,CrimsinXIII
GLNextTime,semendemon15,44ART,WAIGUAIge,The-Black-Wolf,catrineblck,Ninjafree,Chilllyouchad,PeterTheMonday,usecMAN911,intelliclub,Daomeidan,UrMothrsStepBRO,RiverDragon_,Wikz-9527,EDA-RainYu,-ABS-1001,Stimutant,ChinaNumberr2,BossBabyX,desieu,TKVpimp,NOTAGAINMAN8440,Oh_kimoJi,GetGoodNeRddd,MachMalKeinAuge,MCCKRIN,qqqqpppp,Qo0,9S428,5hroom,9937--FengSheng,JordaniMontana,Kovesp,EbIoOslinoe,HeliosSol
Takummie,AHAHHAHAHAHAHA,Rainbow-Kvien,SuMengQIII,BIRLEEN,Boblys0987,Dikaarik,Jaeger622,_STRE4MER_,luisound4,DaWoJiuGanNiA,Trojka_TTV,Shirasu_Asuza,wokkmann,fengdejijie,AV--LOLi--0335,DVIercsr,ThisWipeIsAwful,Loqins,Aluno_Do_Z4mmpa,DrBulles,T1-Bliss,WaffleStompScav,ophium,LowsuzhiKid-TTV,uubbL,WanDaSu,Ohhstars,avadakedavra1,syx-10,BVIGARI,James_Bond_05,snooo,HesburgerMac,Phull,ScottishNikita
MeNoGusta,Tr0l,hututu-66,wei7883,TheRatticombs,--911--,Extinger,BuyNowPiDa-RAS,WalmrtGigaLoser,SucmyREAP-IR,ElChaposNino,ZOV_GodBustle,Kabuto556,6100mob,G1p-Likai,EAzz1,merhabalar,Kosmo_Kramer,R0naldo,sebaselcappo,ExternationalDr,Washed__TV,renjianwushi,wudidewoA,R0bertPauls0n,TWETCH_LOOZYX,notsohot,ACCEPT-CCTV,hans-ara4,FOV-1,Dinner-XU,li9903,JnmAiya,LAoMaozz,destroy_lonelyy,Rose_AbyssalTTV
MissingU,Lezzzzduit,purple-yanyan06,dogYuY,Trifter,Haes_,EnlilDark,StarLXN,And2611,ItzDojo,chimichangachad,TheNamesNotMatt,PPM02,DGH26W1D,Iminvisible223,SwiftDatAsss,Tagila_Onlyfanz,CrossyDoesSheep,WackedDonalds,Notjarrellll,itisme,Nini,K3_Viris,NOOP_KW,dzeta-,XiaoPang2023,aka-dada,3lka,jiawen00,Zt1993,DMN-MAX,On0,FlyRicky,egor1xxx,LittleWhite,MerelyAShadow
TheJet,gftyugi,BE-woTMcall110,WenCunC,a-gamer-gaming,0_Devil_0,Zack_Zack,Rema1000Prima,_KuKuY_TTV,EricCartman1Tap,RussianManiac,autoassist,XXXSSDD,T3ZZ,lgsyolo,OMTKY,Coffe-Play-,bieda-bieda,UGX,,Njggadog69,Pickle94,D_yooni,LuPinJuBaoMiru,CaughtSimpin,Go_2_bed_VTuber,LEGEND--,DY-NuanYang,LeFranBack,laochen5479,S1xxer,Xigua66,Wuasdasd,1lilshine,TUFUXINTIAO,OnlyFans-Domino
McPilgrim,SolomongrundY93,HankZhou,Aholic,JonathanSyville,Mitya_v_tapkah,KirieshkaTTV,HardcoreTry,Ivan_Volkov,NoGF4Me,Hardest_Contact,LiBai-Jun,XiaoBaWangGGLL,Kris-666,ZH-18,Alance,weiwo111,LemmonV1,Thatmuffinman,nicetrybrolol,ExternalDrive,RobinHood1996,PleaseNottAgain,ChristianWS,jnickington,ikunWCND,Gaming_Yy,burenshini,Taokouzi_,ILLEATYOUOUTBTC,Used6,ziyuzian,Yank1y,paladinx_CPWT,DangerousDan,poopturdf221
TarkovTV,YQBBANHAI,huichangkeai,VipolwaNatasha,CobraRatsYouV3,Satline61,BorisKit,MudsyQ_ttv,Mcstizzy,i8en,BubblesTP,ttvFREEKATBLM,nopiupiu,ebarbBayanova,sirblvckwh1te,SMMMMNMMMMMNMMM,SossiYarak,grabthelubettv,Sayez,FmboyPrincess,GB-renwu,FENCED_YOUR_TAG,WaitWhat-TED,MADMAN99,PsYwOrM1,adiaodiao,SOSOSO-SOS,LongYi-Viyu,YuDuChen-YYDS,Caratacus_,Leon5522,SHIFTGOD,Cdk-669L,OXpoem,Ry-Ping120,K0leso
DAGENIRANGWOZOU,why_youbullyme,404-nofound,TOXICCS,_scarabaeus_,Ne_Noi,Kildin,DadTouchedMee,Black_COOPER,_Lotion_,Throatg0at1,Fish-TTV,Alpha-Ph,sahand_chaghal,Pimenti26,An0maLous,CCG-QINGSHAN004,SOVA_PA36E6,Josh_Drakoni,negamma-soft,a-ba-a-ba-,Mole-3,ant202,9844,Fabmaistah420,TimmyNeutron23,xiguadadashuai,ct-hy-pl,potaliu,Supervisor_KK,IMrHe,EscrotoLoc0,ckolena_v_ebalo,Karsourland,RichardY,coffe1123a
KSDY_JH,ice000,mjxyydsa,BUYAOsuowoa,God-I-Miss-Her,q_e_Q_kssh,Gavner,TexasBlammer,chip_Kak_deil,StayShivering,PainzDead,Bili_6647upup,Tomek0360,Malik1983,haodayizhizhu,Wan-An007,KringyGingy,ToastyMcFloasty,ApichotaPisPis,Pap1c,2b_pourTenculer,GGkddo,SAKO777,DAGE-BIEDA_WO,VirtualStripes,NanTuantadage,bonethugz,short-TTV,CCCCCNM,yescome,XY_2007,FiveM_RolePlaya,DY-ymxca,Novicerookie,Min_Xi,YurNansPuss
kuaishou-laojie,Brenntt,King-ouo,XiaoMoWang,IcebergWater,stragabobber,Boeing_MH-6,i-_-BeATz,Boladao157,DongDropper_,immortaLLLLLL,ImAMunchForDik,Goutong,KKPI-baizhou1,Weworkia,GuNaiNaiWoYa_03,R3KTU,DuallyTTV,gs3fiddy,DouyinXixtian,Ratkisser69TTV,FourthIS,Boris_The_Bear,Whats1More,Zaydaa,SC2_Oliveira,XDD-PAOPAO666,MOX999,Cerega_Vor,DragonFest,Hecate_,Mamin-x,ZHANYIN,fiee___,Mr-Tyuan,LegitLurker
Elzat007,biskota,XIVXX,360_Xyaya,AceArbiter,Olsenchiks,BLR_HALI-GALI,-Laopao--,Krupuar85,XM8026,enward123,DeathByABlacky,LE-LEGEND,cccccccccccccll,SandieBawls,I_like_you_YES,GuNaiNaiWoYa_,Demion1na,LuvProphet,Glowworm-,LAO--KK,Bober_E29,Gotyoustepbro,SuomenKauhu,BlueDragon22,1N33,QVQHELP,Rabbit-Boo,jjdhx,scavxiaohuang,Axellone,Arni_Scaleta,NMMMP,Head_Eye_Again,Nikita__Mother,Authentic-Chef
chipotheboyo,#REF!,gblove,HUO66,porseef3,durachyo_ttv,BlackWolf2022,COLINburgBussy,Sweetgirl16,gg_get_betr,GaLaXX,DEMONIO__BLANCO,USA-141,ManiAceYT,YDyida,RangerCO,MrIronLungs,qqcfa11,NotJustin,im-so-bad,TsZHANSHEN,606,oeufmimolette,made_n_china,Bastisimo,WDNMD406,OH1YEAH,tianba_28god,Big-niao,Ma-Do,Miagii_TV,Affectwave,NXZXRov-SX180,OomBoer,DYin_tujiu666,
Be002ar,YEEEEZ,DY-rrr,PLAhavest,ShaqqTv,Stalevar90,_BugsBunny_,KillasButP1ug,manloveiscool,Torasemid,LabsHumper,bili_ligou,ThepowerpuffTTV,Maegie,battycreaser,BeaverFPS,KeineShowFreddy,OLO------------,Oxel,MAKSON99,kanekisam,YuYue1,Santa_Muerte_,jnk-dog,MeatPiston,MAZA-4KST,HuoWa2,DarkAndDarkus,tututu89,YOUZIYA,Reyden_TTV,ABS_12k,Risel96l,DawnDetergent,Snturman,
p1s0s,BiscuitsBoi,TWC532,ZTDSB,MilkWithKnives,Randock,Gizex,DooDoo2208,FOBOS-01,Ninja_Bks,EverythingAzure,UvegotMail,Mr--Rabbit,Sitar_Estate,Shrine_Medic,GunnaSnitched,meiyouwokuai,Tarky_Rat_TTV,yangye,NzCrK77,halalmeat,Th1ghHighs,SadKawaii3_TTV,YuuQi,-_STREAMING_-,Matrefjorden,xKuro,Molu001,Flower-monk95,FlooGeR,bilibilixiaocai,18dajiangshan,LethalHunter,feizhu--,HUYAKING,
BAOBAOG,ImNotHappy_,lupingjubao153,WCNMGB666,Scarabaeus_,Bombaleyo163,Lewtolstoy,FeralCobraChken,ZerooneX,mixin11,Haycan,_Main_Menu_,pushcar,sakamata1125,DiaG_Yamabushi,8867II,purple-CoolieQK,hibiki0109,SUN--MIAO,lyp-0203,nivkhe,asdhgjgnb,Uhtred86,xia-7,Kavkaza,Fht-005,GOGOGOUBA,GGLLLLLLLLLLLLL,Avila,KGKFF,IloveXwX,STAPONE_,shaue_mamy_eby,DP_KINGMR,TNT-FENGXIAN,
Key-------725,SegueSuaNau,DHyyds999,zhegebi,Life__A__WHIZZZ,Neuroz0rn,4BK-4OH,Fabliopoc,adkair,ChinaBeatYOu,Crazed_Redneck,GrappeJuice,LE-7O51O1,JussieSmollet,Enforcers,purple-ddy,Abernethyl,Mucoder,NarKomaRick,TaTa_0808,EASON_-,KosherKush,LV076,noubadei2026,ap_is_smelly,ZiLuo_BiliBili,barserkerFU,Yin666,BIG-TK,Alice-001,TTS_Kill_TTV,BigVIP-Killa,rudyrydz,SpriteTheScav,zyram,
Skuppet,Mance_,zc-997,BECKS666,M80-HeadEyes,scallllllllllle,PPogO,SolidHawkk,Scatta,fse7f,BloodlyDevil1,Anxi1ty,fddfsfds,a333,Tony_Montana305,blbl-BBQ,TTV_aaafffw,thqZi,biedawo63,woo25,MansBrown,Crackedscaviboi,Hussein_M,ikunstars,ByTaggeR,OnMyWar_TTV,Having_sex,R3S3RV3_G0D,RONDO_TWITCH,TTV-MikeOxLong,Javeline777,JNG,NideBaBai,Zelatrix,Return_R,
CaydenCarter,chucklenuts1738,tuiyou1515,xiaoaxu1,Kro1sos,ImperialCraft,demontgf,Itsyoboi420_TTV,Philadelic017,Used_trojan,--JoeyIsDaName-,Baerasoni_TTV,JK-daidaimao4,GL-HeiLang,SpartanSoule,MMMTTT,IDKwutIdo,YouGotRattedxx,ataoyo-,HYTV-CHEDAN,skadi_shines,xBorg,1v4nDr4c0,GregoryBrownPL,lilbluesmurf,YouGotSkilled,Saspq,JFIENVA,bilibili-lengxi,Prices-ttv,L_E_D_X,wolao6666,Miqimiaomiaoyo,RottenKiwi,-PS,
wv-FROST-vw,BlowjobBerndt,857-King,jinruyouxijiugu,El-Tirador,cCHITOZz,YoloRage,intersexcamper,ImLoonieBye,generalboats,bleedgod,OnlyFans_Ross,STtone,229-wcnmb,Captain-NZ,ImprezaDeezmuts,Hieg_Sail_TTV,TKSCircle,zynpouch,ak--101,CamesDude,SlurpMyMuddBut,Dg-ge-bie-sha-w,LizynSosyn,cold-bush,MrRobotic,Diamond_o,SmiLe10,-Killa-TTV,DrenchGang,leimingdong,Ji-Nitaimei,YanDaMing-TTV,surper-YuYu,-YuukiAsuna-,
Nahkaparturi,SungYun,ZvelvY,HAPPYDAYS233,NOT_A_SHOT,LabsResident,TheDawgHimself,Sluug,iDrinkPoison,Gladirovski,MysticalWizard,NiicoBack,Tyyoho,HUGO7777,3JloY_PrO,KittyZayan,bigmaclovet,UnlimitedVoid,a-tao-yo,babystealer1,_VittoScaletta_,RAT_MASTEr425,LILLEMIUM,KaKesH,bilalthebeast,xScrilla,whostacoBell,guoshanfeng,LSCCCCCCC,sunjijian,DouShiDaShaBi,sshy23,Ikun_Aquaman,KKpi-Zhenwan,MG-XML,
PaIIas,AlsoAquaTTV,CN-366,shyf230,StevenSeagal15,Latent,ClarenceBodyker,MrModelo,xddgodless,LetsTryToMakeIt,AuriliousJ,StepGranpa,Tiamoleey,menxingqiudai,LavrentiyBeria,z1xr,EveFP,permmmmmm,QuantumTHC,-ITSMEFELIXXD-_,BoBoTheBoZo,TheChosen0ne,Haveuseenmydad,ikunloveyou,Morrooo,MY555,wfqw,zmey159,-ZomboidPlayer,Sweet-G,-XiaoSaGe,ZZ1999,liarzxc,DY_QianHe,SuningZhu,
S3lv0,NegaFega,Nock_k,yi_qi_ha_pi,mustyglocky,II_PYPOK_II,-Iroko-,DrDogTag,JessePlinkmen,rydogem,Isidro21,UnlicensedOBGYN,Th4natos,illluminaughty,Jay_Bird,Scavey,D2_Police,ImNotRdyToDie,BabaYAGA-JW,LDYuSheng,ItsTheGringo,PSYCHODEATH,Sand_Man35,Rock_TRS,JigBit,Saku55,LE-QAQ-1,OXXO-TTV,biefanjian,deusxxx,Laxixiaodui_niu,NILINE-NEXT,TNT545,suosuoNiu,GaoNengKing,
VullyOh,Hattibagen,R54TRYTRTTRE,xiaobaitutu,Lil_Bopper,TAHK_PATTE,KARSAR54,R3v0,ShiestyTTV,KANEPHUCEDYOMA,Accelerator1213,SwearItWasDsync,WEQDADZ,Vurxci,Austingreens22,xaboo,FM-1717,MikeOxisSmol,iKun_huang,dscggwalling,Mikeyiiii,moyuerrr,makor0s_TTV,Igor_Navoznikov,Camaraderie,alinkill,ZzzZ02,JoHn_Hb,SANHEDASHEN,YUJH---,Galaxy2,ZOUHENG0408,Dragon_man,KIGGA,CN-JiangYu,
DaGeiGei,itwashim420,DouYin-lengye,lzz13,eyeToxic,VolkSobaakaa,PraporshikZad0V,andmyway,Barmaley998,weig68,TTV-Yglian,FuukeeBuukee,bilibili-yikya,GABIZONA,Rozono,BillytheKing,Zhengyizhimu1,DmcLDi,scorpionYY,kezzar,Artist-QP,Huiluma,YUNG4POKALO,ilove12inchers,BlizzardZ,Jack-l,Abs_Jack,Shironeko_,INFOwarsCom,K4rsa,bLACKOUT-TTV,Mr_ZhouQAQ,ExGM-Member,templz-,CCCP--FISH,
XIxInfamousxIX,BingChongBanGxD,K7788-MRz,MAIDEHAOBIEDA,king_Luk1s,_Golova_GIaza_,AIIIoTVanIIIoT,WaterHoseQueef,Jack_sapprow,KKPI-Mangbao999,JayKreams,SchmimmlR,ling---feng,MingruDog,Kun-,B0B_TTV_B0B,B1elaizhanbian,BlackVelma,airuikedamowang,JI-NI-TAIMEI,Retr00K,Russia_number1,AvadaKedavraCya,KI9527,UNH1NG3D,LONG-XINCHEN,LootDiver,DouYu-HuiHui,Big4Happy-pig,yichen--,NonstopDying,wscwoaini,TerrorMachine88,Malegebider,Liuhong,
Blitxz,Zohan4iken,HEEA,StarrY_SkY798,BadYoni,RELAXX_TTV,KtoZdeS,fluzxd,BARXAT,UnluckyD3ath,Tidoron,iLoons,Nobilia,muslimboob,guagebiesuowole,Tima-,MoneyLai,EnvyFoxtrot,Rockat,USME11LIKERUBLE,King_Crzay,darthslowe,multiplescavs,TRoosevelt,LaoMengXin_,Gangstervs,DogEggLee,FloridaIdlers,LGAAAAAAAAA,BackToRagMan,FIXME-gouzi,mydr,QDaGeBieSuoWo,MR-WICK98,G1111,
XUCHEN-WEI,P0HUH,jian-jian-la-ji,iemptyheart,LeeHarveyWanabe,_F3AR,T1LTOFF,ImAScavBro,leftpeaker,BenTheBlastrTTV,wookov,LabbyIssues,JaneGreenD,Cccrrryyy,MIM--,bobo--j,JavaleMcgee,GxbrielXl,HXW666,He_HaDo,vorot1la,Krauserga,DrLeg,-141-ND,u_mad_pu55_30,Tianba22,nana_8_mam3,Echo330,Old-six-808,DouYin__NanFeng,TAYHamn,Sbevy_mops210,Hataniitehoshi_,A_HunTer,ling-feng,
twichttv_Davey,ManInBlacK23,DanWang-666,guduzhanshi,Lo_Siento_BadBN,Skip_i,Nikalaevich,OpStoppa31,zimmihro,Tchoukel,Julleke,ZryachiyFollwer,Boss-solo-_-,HongZhong-TVV,Tabath,DY-jiuchen,Uh_Oh_Stinky666,Twitch_Rewin,UwUSlaughterMee,ZuluAlpha,UGGGA992,smootchme,TomTheBogan,SSakunmLan_TV,MrLololoshkaYT,Knight-Jr,ios1573,CXK-XiaoHeiZi,Legend-no1,TUTU245,YIJYY784_bili,yingyinggua,PreInertiaPvPer,Hunter_of_Death,FBI-XiaoFeng,
xcan,GUAN-870,TTTTTT123,xivff,txmazing331_TTV,II_Maze_II,Nick_M,PabloCocaine,RedNutInyoMouth,d0ct0rsnuggles,Gun_777ye,Pr0fessorCha0s,GeBiLaoWang009,zhinianxin-,Extract--Rat,BiliTV-KMG,zausoxs2928,JaeIljedang,Kennon,caruflaaaa,GOAT_budy,EgbertCrazyy,Ferruisel,Toolkid,ImBurtBtw,HY-XIAOWA,111kira,XBD-mire,laoniu_,chubbyovo,---o_o---,ItsAGoat,FLAVOR_Y,BackEnter,Scota-Naoki,
jayolo,AmoralNyannTTV,ex0123,RU_GUA_TTV,MEOWning-uWu,ALQUIORA,XiaoMaoDong,FANXINFANXIN,Ray_of_sunshine,astrolopiteco,_MJG,Chiefstabbahoe,RAIDER--Z,Samurai666,ElLocoJoli,Prince-QAQ,Asian_John_Wick,alpha_99,SoNo_L_,wangritian123,AIbrehet,bubyll,LeMechantLoup,sibada,marazmatnich,DOUYINGDAD,yanxuan-9,LE-xiaoyi,GluharsG1izzy,Max_seven_,haifeng1,Dreamer3390,BigGERDecK,trim_33Ttv,love-peace99,
TarkLord,mengxin117,DouYu-Pddd,Kratos3211,essaly,IceFro,ZohanCrew,RatCoomlng,InvisibleCheetr,Mr---Li,ReserveEnjoYr,Solonga,CXK-YOUBING,GainerSkrine7K-,Sulsex,yaoguaige,QVVVQ,lkiuyt,SoNo_L,France135,ZAEBALTI,YuxiFang,Turd_Goblin,Legatus228TV,XanaxJedi,Monster-W,jedonzack,Youling-,SHUAI-QI-RU-WO,YouFoool,PoorEdition,N4A-BAO,P_Body,DarkDLuffy1,Ytoudoufu,
GUGU8025,18god-qiuqiu,Sansuimeimei,EnnYier,-_-ThatGuy-_-,BuTTerflyEff3ct,heker3464,BestServedCold,Easton_Wes,FatalSilenc,VeryLittleMan,Fernai,GeBiLaoWang02,xianaoteng,GameIsDead,bobo-j,ExtinctGooseTV,juzhong001,-MrSoloDolo-,JuleNavet,matushkamarazma,Baba_Valya,Acepian,WTMTNL,kenka24,TPT-DIANNAO,LE-XIAOYANO,KimIlseong,_DaddysMoney_,Eiforia,MGDBJTL,NinjaBks,IlIlIlIlIl-213,CustomsCreeper,Shreaderlon,
THOtheStow,nmeima,DH-YuLong,HongYan--Nice,AwhhTism,Grouke,Ycna,whoiscalvinTTV,Mr_Ghost_,Braaienator,SweetIceyTV,renga-rongo,aoligeibibibi,go_home_chinese,Viceversas,TK-flash,TwistedARC_TTV,Get_Reported,xBelladonna,kekkersw3,NarekLang,Kebekwoa,ZZxle,Lord_ENGIE,Diamondd,IIIIIIIIIIIIIIT,TATA-0809,7N12-BP,Fersota,TaintTickler04,mooghun,Mr-Coke,OneMoreSmokeTTV,OIO-BSB3-636B,PLGgmsgaming_,
greedysav14,SHEHUIXIAOHUO,Hewazuoge,Gsrgdqt,FarmingCultists,J_EST,GRrock,_Deathghat___TV,Fungle_Toe2264,JaiBadAim,Pukkyole,xROMPEx_TTV,dalaobieshawoa,LittleTata,SilverFox-am,NBBSWqwq,JahpueII,SUKSUK,CN-Oxy,Omars,marhewka,DEADPOOL_ooo,ProstituteEater,Rush_za,JonnySilverhend,kkpi-dashuai01,yichen-0-,Dont-hit-me,KZ-Yj,llllllllllllli,Cheyy,fengnanjueli,Botton_JP,Standing_here,GigachaXXXdTTV,
comalokko,Invincib1e-,ABS_KINGDAD,WAHAHA_,1-800-SMALLPP,Dimarishe,Shtazi,GreekMythology,Muma6op,vKDeath,szcc,OdenEstYr1,Usedissymbol,YesYoureARat,PeniusGigantus,Xi__Jinping,douyin_xiaolong,Triggerhand,GG8860,DaNiuG,Pirani,BroIsFunny,SLAGWTIH,DF4460,BurtIsBig,Gary_Bear,vvirruss,iiiiiipppp666,Xi_Jin_Ping_TTV,Abernethy1,OMON-Magomed,7K7KSS,unclexun5,NBKELA,DaddysHomekids,
Amogus229,Haoyu-0825,Da-King777,HEYUEMO,raplhy,WeerdenKonewee,TTV_Vulkan2195,Rattenmen,Rvfiki,YEEEEYEEEE,TS2LanesDaddy,Jihadi__Joe,huange001,ccicci,BewbieWizhard,AnneFrank4206,ndnkid35,OkayManChillOut,Bulletdream0079,PodZaD,fixcer,D3ATHRAV33,MrPartyP00per,MaoMaoKeeper,MarioShmario,2eph,LYB-99,SCi1i1,GOGDcc,EL3CTRICLIGHT,Evans28,Hoyamm,Nofixes,hawhawlol,CEO_OF_CUSTOMS,
